Column-0,Column-1,Column-2,Column-3,Column-4,Column-4 Url,Column-5,Column-5 Url
,Priority,Priority,Priority,Priority,,Priority,
,Due Today (5),Due Today (5),Due Today (5),Due Today (5),,Due Today (5),
Due Soon,206 days ago,,Signed,"MI
Yardi Testly - Unit 508 (Dominium / Sesame Street Townhomes)",https://dominium.certenant.com/#/practice-cert/review/996990,Details,https://dominium.certenant.com/
,34 days ago,,New,"MI
Seven Seven - Unit 517 (Dominium / Sesame Street Townhomes)",https://dominium.certenant.com/#/practice-cert/review/1149237,Details,https://dominium.certenant.com/
,34 days ago,,New,"MI
TwentyFive TwentyFive - Unit 601 (Dominium / Sesame Street Townhomes)",https://dominium.certenant.com/#/practice-cert/review/1149246,Details,https://dominium.certenant.com/
,34 days ago,,New,"MI
Deloris Broadnax - Unit 604 (Dominium / Sesame Street Townhomes)",https://dominium.certenant.com/#/practice-cert/review/1149248,Details,https://dominium.certenant.com/
,34 days ago,,New,"MI
Donald Duck - Unit 528 (Dominium / Sesame Street Townhomes)",https://dominium.certenant.com/#/practice-cert/review/1149735,Details,https://dominium.certenant.com/
,"Tomorrow
No certifications assigned","Tomorrow
No certifications assigned","Tomorrow
No certifications assigned","Tomorrow
No certifications assigned",,"Tomorrow
No certifications assigned",
,"Future
No certifications assigned","Future
No certifications assigned","Future
No certifications assigned","Future
No certifications assigned",,"Future
No certifications assigned",
